Workbook
Name NativeTimeline_Rendelés_Dátuma: #N/A
Name NativeTimeline_Rendelés_Dátuma1: #N/A
Name Slicer_Állapot: #N/A
Name Slicer_Állapot1: #N/A
Name Slicer_Márka: #N/A
Name Slicer_Márka1: #N/A
Name Slicer_Méret: #N/A
Name Slicer_Méret1: #N/A
Name Slicer_Ország: #N/A
Name Slicer_Ország1: #N/A
Name Slicer_Termék: #N/A
Name Slicer_Termék1: #N/A
Name Slicer_Ügyfél_típusa: #N/A
Name Slicer_Ügyfél_típusa1: #N/A
Name Slicer_Város: #N/A

Sheet Dashboard Forrás
A1: Row Labels | B1: Sum of Összes költés | D1: Row Labels | E1: Sum of Összes költés | G1: Row Labels | H1: Sum of Összes költés
A2: Farkas László | B2: 501663 | D2: Egyszeri Vásárló | E2: 16779824 | G2: Beograd | H2: 656680
A3: Kiss Dániel | B3: 509187 | D3: VIP | E3: 3993092 | G3: Budapest | H3: 3353020 | M3: Row Labels | N3: Sum of Nettó Összeg | P3: Row Labels | Q3: Sum of Profit | S3: Row Labels | T3: Sum of Mennyiség | V3: Row Labels | W3: Sum of Nettó Összeg
A4: Kiss László | B4: 515872 | D4: Visszatérő Vásárló | E4: 10274693 | G4: Bukarest | H4: 1185134 | M4: 45680 | N4: 1350346 | P4: ASUS FlexiMonitor 32" | Q4: 97112 | S4: HP VisionX 27" | T4: 4 | V4: ASUS FlexiMonitor 32" | W4: 298312
A5: Németh Eszter | B5: 516002 | D5: Grand Total | E5: 31047609 | G5: Debrecen | H5: 4993319 | M5: 45681 | N5: 1572235 | P5: BenQ UltraView 32" | Q5: 103324 | S5: ASUS FlexiMonitor 32" | T5: 4 | V5: BenQ UltraView 32" | W5: 342924
A6: Molnár Viktória | B6: 524238 | G6: Győr | H6: 3149470 | M6: 45682 | N6: 782013 | P6: LG OptiView 24" | Q6: 124755 | S6: LG VisionX 32" | T6: 4 | V6: LG OptiView 24" | W6: 403755
A7: Nagy Csilla | B7: 543860 | G7: Kijev | H7: 675036 | M7: Grand Total | N7: 3704594 | P7: Grand Total | Q7: 325191 | S7: BenQ UltraView 32" | T7: 4 | V7: Grand Total | W7: 1044991
A8: Szabó Hanna | B8: 588051 | G8: Koper | H8: 729973 | S8: LG OptiView 24" | T8: 5
A9: Kiss István | B9: 593734 | G9: Miskolc | H9: 3357392 | S9: Grand Total | T9: 21
A10: Molnár Nóra | B10: 675036 | G10: Pécs | H10: 4559716
A11: Tóth Ádám | B11: 729973 | G11: Szeged | H11: 3566410
A12: Grand Total | B12: 5697616 | G12: Grand Total | H12: 26226150
H27: Row Labels | I27: Sum of Rendelt mennyiség
H28: Zagreb | I28: 8
H29: Koper | I29: 8
H30: Kijev | I30: 9
H31: Beograd | I31: 11
B32: Row Labels | C32: Sum of Profit | D32: Row Labels | E32: Sum of Profit | H32: Bukarest | I32: 16
B33: Acer | C33: 139894 | D33: 24" | E33: 282553 | H33: Győr | I33: 40
B34: ASUS | C34: 208874 | D34: 27" | E34: 393148 | H34: Budapest | I34: 43
B35: BenQ | C35: 103324 | D35: 32" | E35: 486193 | H35: Miskolc | I35: 45
B36: Dell | C36: 104484 | D36: Grand Total | E36: 1161894 | H36: Szeged | I36: 50
B37: HP | C37: 132138 | H37: Pécs | I37: 60
B38: LG | C38: 263511 | H38: Debrecen | I38: 62
B39: Samsung | C39: 209669 | H39: Grand Total | I39: 352
B40: Grand Total | C40: 1161894

Sheet Rendelések
A1: Rendelés Dátuma | B1: Termék | C1: Mennyiség | D1: Nettó Összeg | E1: ÁFA (27%) | F1: Bruttó Összeg | G1: Állapot | H1: Rendelő | I1: Profit | J1: Profit % | K1: Markup | L1: Márka | M1: Méret | O1: Termék | P1: Nettó Eladási Ár / db | Q1: Nettó Beszerzési Ár / db
A2: 45658 | B2: ASUS OptiView 32" | C2: 1 | D2: =VLOOKUP(B2,$O$2:$Q$26,2,0)*C2 -> 51340 | E2: =D2 *27% -> 13861.8 | F2: =D2+E2 -> 65201.8 | G2: Nincs fizetve | H2: Molnár Eszter | I2: =D2-(VLOOKUP(B2,$O$2:$Q$27,3,FALSE)*C2) -> 17540 | J2: =I2/(VLOOKUP(B2,$O$2:$Q$26,2,FALSE)*C2) -> 0.34164394 | K2: =I2/(VLOOKUP(B2,$O$2:$Q$26,3,FALSE)*C2) -> 0.51893491 | L2: =LEFT(B2, FIND(" ", B2)-1) -> ASUS | M2: =_xlfn.TEXTAFTER(B2," ",-1) -> 32" | O2: LG VisionX 32" | P2: 62340 | Q2: 41200
A3: 45658 | B3: ASUS ClearScreen 27" | C3: 1 | D3: =VLOOKUP(B3,$O$2:$Q$26,2,0)*C3 -> 64014 | E3: =D3 *27% -> 17283.78 | F3: =D3+E3 -> 81297.78 | G3: Nincs fizetve | H3: Kiss István | I3: =D3-(VLOOKUP(B3,$O$2:$Q$27,3,FALSE)*C3) -> 19714 | J3: =I3/(VLOOKUP(B3,$O$2:$Q$26,2,FALSE)*C3) -> 0.30796388 | K3: =I3/(VLOOKUP(B3,$O$2:$Q$26,3,FALSE)*C3) -> 0.44501129 | L3: =LEFT(B3, FIND(" ", B3)-1) -> ASUS | M3: =_xlfn.TEXTAFTER(B3," ",-1) -> 27" | O3: ASUS OptiView 32" | P3: 51340 | Q3: 33800
A4: 45658 | B4: Acer ClearScreen 24" | C4: 1 | D4: =VLOOKUP(B4,$O$2:$Q$26,2,0)*C4 -> 94724 | E4: =D4 *27% -> 25575.48 | F4: =D4+E4 -> 120299.48 | G4: Nincs fizetve | H4: Németh Péter | I4: =D4-(VLOOKUP(B4,$O$2:$Q$27,3,FALSE)*C4) -> 27224 | J4: =I4/(VLOOKUP(B4,$O$2:$Q$26,2,FALSE)*C4) -> 0.2874034 | K4: =I4/(VLOOKUP(B4,$O$2:$Q$26,3,FALSE)*C4) -> 0.40331852 | L4: =LEFT(B4, FIND(" ", B4)-1) -> Acer | M4: =_xlfn.TEXTAFTER(B4," ",-1) -> 24" | O4: Samsung OptiView 32" | P4: 86474 | Q4: 57400
A5: 45658 | B5: Samsung OptiView 32" | C5: 2 | D5: =VLOOKUP(B5,$O$2:$Q$26,2,0)*C5 -> 172948 | E5: =D5 *27% -> 46695.96 | F5: =D5+E5 -> 219643.96 | G5: Fizetve | H5: Kiss László | I5: =D5-(VLOOKUP(B5,$O$2:$Q$27,3,FALSE)*C5) -> 58148 | J5: =I5/(VLOOKUP(B5,$O$2:$Q$26,2,FALSE)*C5) -> 0.33621667 | K5: =I5/(VLOOKUP(B5,$O$2:$Q$26,3,FALSE)*C5) -> 0.50651568 | L5: =LEFT(B5, FIND(" ", B5)-1) -> Samsung | M5: =_xlfn.TEXTAFTER(B5," ",-1) -> 32" | O5: BenQ UltraView 32" | P5: 85731 | Q5: 59900
A6: 45658 | B6: LG VisionX 32" | C6: 2 | D6: =VLOOKUP(B6,$O$2:$Q$26,2,0)*C6 -> 124680 | E6: =D6 *27% -> 33663.6 | F6: =D6+E6 -> 158343.6 | G6: Nincs fizetve | H6: Molnár Orsolya | I6: =D6-(VLOOKUP(B6,$O$2:$Q$27,3,FALSE)*C6) -> 42280 | J6: =I6/(VLOOKUP(B6,$O$2:$Q$26,2,FALSE)*C6) -> 0.33910812 | K6: =I6/(VLOOKUP(B6,$O$2:$Q$26,3,FALSE)*C6) -> 0.5131068 | L6: =LEFT(B6, FIND(" ", B6)-1) -> LG | M6: =_xlfn.TEXTAFTER(B6," ",-1) -> 32" | O6: Samsung VisionX 32" | P6: 52504 | Q6: 35600
A7: 45658 | B7: LG OptiView 24" | C7: 2 | D7: =VLOOKUP(B7,$O$2:$Q$26,2,0)*C7 -> 161502 | E7: =D7 *27% -> 43605.54 | F7: =D7+E7 -> 205107.54 | G7: Nincs fizetve | H7: Szabó Ádám | I7: =D7-(VLOOKUP(B7,$O$2:$Q$27,3,FALSE)*C7) -> 49902 | J7: =I7/(VLOOKUP(B7,$O$2:$Q$26,2,FALSE)*C7) -> 0.30898689 | K7: =I7/(VLOOKUP(B7,$O$2:$Q$26,3,FALSE)*C7) -> 0.44715054 | L7: =LEFT(B7, FIND(" ", B7)-1) -> LG | M7: =_xlfn.TEXTAFTER(B7," ",-1) -> 24" | O7: LG ClearScreen 27" | P7: 88349 | Q7: 61700
A8: 45658 | B8: Samsung VisionX 32" | C8: 1 | D8: =VLOOKUP(B8,$O$2:$Q$26,2,0)*C8 -> 52504 | E8: =D8 *27% -> 14176.08 | F8: =D8+E8 -> 66680.08 | G8: Fizetve | H8: Németh Tamás | I8: =D8-(VLOOKUP(B8,$O$2:$Q$27,3,FALSE)*C8) -> 16904 | J8: =I8/(VLOOKUP(B8,$O$2:$Q$26,2,FALSE)*C8) -> 0.32195642 | K8: =I8/(VLOOKUP(B8,$O$2:$Q$26,3,FALSE)*C8) -> 0.47483146 | L8: =LEFT(B8, FIND(" ", B8)-1) -> Samsung | M8: =_xlfn.TEXTAFTER(B8," ",-1) -> 32" | O8: ASUS FlexiMonitor 32" | P8: 74578 | Q8: 50300
A9: 45659 | B9: Samsung ProDisplay 27" | C9: 1 | D9: =VLOOKUP(B9,$O$2:$Q$26,2,0)*C9 -> 58708 | E9: =D9 *27% -> 15851.16 | F9: =D9+E9 -> 74559.16 | G9: Fizetve | H9: Nagy Bence | I9: =D9-(VLOOKUP(B9,$O$2:$Q$27,3,FALSE)*C9) -> 19308 | J9: =I9/(VLOOKUP(B9,$O$2:$Q$26,2,FALSE)*C9) -> 0.32888192 | K9: =I9/(VLOOKUP(B9,$O$2:$Q$26,3,FALSE)*C9) -> 0.49005076 | L9: =LEFT(B9, FIND(" ", B9)-1) -> Samsung | M9: =_xlfn.TEXTAFTER(B9," ",-1) -> 27" | O9: HP ProDisplay 27" | P9: 80499 | Q9: 56100
A10: 45659 | B10: ASUS FlexiMonitor 32" | C10: 1 | D10: =VLOOKUP(B10,$O$2:$Q$26,2,0)*C10 -> 74578 | E10: =D10 *27% -> 20136.06 | F10: =D10+E10 -> 94714.06 | G10: Nincs fizetve | H10: Nagy György | I10: =D10-(VLOOKUP(B10,$O$2:$Q$27,3,FALSE)*C10) -> 24278 | J10: =I10/(VLOOKUP(B10,$O$2:$Q$26,2,FALSE)*C10) -> 0.32553836 | K10: =I10/(VLOOKUP(B10,$O$2:$Q$26,3,FALSE)*C10) -> 0.48266402 | L10: =LEFT(B10, FIND(" ", B10)-1) -> ASUS | M10: =_xlfn.TEXTAFTER(B10," ",-1) -> 32" | O10: Samsung ClearScreen 24" | P10: 63536 | Q10: 42900
A11: 45659 | B11: Dell VisionX 27" | C11: 2 | D11: =VLOOKUP(B11,$O$2:$Q$26,2,0)*C11 -> 198210 | E11: =D11 *27% -> 53516.7 | F11: =D11+E11 -> 251726.7 | G11: Fizetve | H11: Nagy Csilla | I11: =D11-(VLOOKUP(B11,$O$2:$Q$27,3,FALSE)*C11) -> 55810 | J11: =I11/(VLOOKUP(B11,$O$2:$Q$26,2,FALSE)*C11) -> 0.28157005 | K11: =I11/(VLOOKUP(B11,$O$2:$Q$26,3,FALSE)*C11) -> 0.39192416 | L11: =LEFT(B11, FIND(" ", B11)-1) -> Dell | M11: =_xlfn.TEXTAFTER(B11," ",-1) -> 27" | O11: Acer ClearScreen 24" | P11: 94724 | Q11: 67500
A12: 45659 | B12: Samsung ClearScreen 24" | C12: 1 | D12: =VLOOKUP(B12,$O$2:$Q$26,2,0)*C12 -> 63536 | E12: =D12 *27% -> 17154.72 | F12: =D12+E12 -> 80690.72 | G12: Nincs fizetve | H12: Tóth Szabolcs | I12: =D12-(VLOOKUP(B12,$O$2:$Q$27,3,FALSE)*C12) -> 20636 | J12: =I12/(VLOOKUP(B12,$O$2:$Q$26,2,FALSE)*C12) -> 0.32479224 | K12: =I12/(VLOOKUP(B12,$O$2:$Q$26,3,FALSE)*C12) -> 0.48102564 | L12: =LEFT(B12, FIND(" ", B12)-1) -> Samsung | M12: =_xlfn.TEXTAFTER(B12," ",-1) -> 24" | O12: ASUS ClearScreen 27" | P12: 64014 | Q12: 44300
A13: 45659 | B13: Samsung UltraView 27" | C13: 3 | D13: =VLOOKUP(B13,$O$2:$Q$26,2,0)*C13 -> 266838 | E13: =D13 *27% -> 72046.26 | F13: =D13+E13 -> 338884.26 | G13: Fizetve | H13: Farkas Zoltán | I13: =D13-(VLOOKUP(B13,$O$2:$Q$27,3,FALSE)*C13) -> 80538 | J13: =I13/(VLOOKUP(B13,$O$2:$Q$26,2,FALSE)*C13) -> 0.30182358 | K13: =I13/(VLOOKUP(B13,$O$2:$Q$26,3,FALSE)*C13) -> 0.43230274 | L13: =LEFT(B13, FIND(" ", B13)-1) -> Samsung | M13: =_xlfn.TEXTAFTER(B13," ",-1) -> 27" | O13: HP VisionX 27" | P13: 61035 | Q13: 40200
... A21: 45660 | B21: Samsung VisionX 32" | C21: 1 | D21: =VLOOKUP(B21,$O$2:$Q$26,2,0)*C21 -> 52504 | E21: =D21 *27% -> 14176.08 | F21: =D21+E21 -> 66680.08 | G21: Fizetve | H21: Molnár Hanna | I21: =D21-(VLOOKUP(B21,$O$2:$Q$27,3,FALSE)*C21) -> 16904 | J21: =I21/(VLOOKUP(B21,$O$2:$Q$26,2,FALSE)*C21) -> 0.32195642 | K21: =I21/(VLOOKUP(B21,$O$2:$Q$26,3,FALSE)*C21) -> 0.47483146 | L21: =LEFT(B21, FIND(" ", B21)-1) -> Samsung | M21: =_xlfn.TEXTAFTER(B21," ",-1) -> 32" | O21: LG OptiView 24" | P21: 91715 | Q21: 64800
A22: 45660 | B22: Dell ProDisplay 27" | C22: 4 | D22: =VLOOKUP(B22,$O$2:$Q$26,2,0)*C22 -> 391444 | E22: =D22 * 27% -> 105689.88 | F22: =D22+E22 -> 497133.88 | G22: Fizetve | H22: Varga Márton | I22: =D22-(VLOOKUP(B22,$O$2:$Q$27,3,FALSE)*C22) -> 113844 | J22: =I22/(VLOOKUP(B22,$O$2:$Q$26,2,FALSE)*C22) -> 0.29083087 | K22: =I22/(VLOOKUP(B22,$O$2:$Q$26,3,FALSE)*C22) -> 0.41010086 | L22: =LEFT(B22, FIND(" ", B22)-1) -> Dell | M22: =_xlfn.TEXTAFTER(B22," ",-1) -> 27" | O22: Samsung ProDisplay 27" | P22: 58708 | Q22: 39400
A23: 45660 | B23: LG ClearScreen 27" | C23: 3 | D23: =VLOOKUP(B23,$O$2:$Q$26,2,0)*C23 -> 265047 | E23: =D23 *27% -> 71562.69 | F23: =D23+E23 -> 336609.69 | G23: Fizetve | H23: Szabó Hanna | I23: =D23-(VLOOKUP(B23,$O$2:$Q$27,3,FALSE)*C23) -> 79947 | J23: =I23/(VLOOKUP(B23,$O$2:$Q$26,2,FALSE)*C23) -> 0.3016333 | K23: =I23/(VLOOKUP(B23,$O$2:$Q$26,3,FALSE)*C23) -> 0.43191248 | L23: =LEFT(B23, FIND(" ", B23)-1) -> LG | M23: =_xlfn.TEXTAFTER(B23," ",-1) -> 27" | O23: Samsung VisionX 32" | P23: 88892 | Q23: 61900
A24: 45661 | B24: Acer OptiView 27" | C24: 2 | D24: =VLOOKUP(B24,$O$2:$Q$26,2,0)*C24 -> 193564 | E24: =D24 *27% -> 52262.28 | F24: =D24+E24 -> 245826.28 | G24: Fizetve | H24: Németh István | I24: =D24-(VLOOKUP(B24,$O$2:$Q$27,3,FALSE)*C24) -> 56964 | J24: =I24/(VLOOKUP(B24,$O$2:$Q$26,2,FALSE)*C24) -> 0.29429026 | K24: =I24/(VLOOKUP(B24,$O$2:$Q$26,3,FALSE)*C24) -> 0.41701318 | L24: =LEFT(B24, FIND(" ", B24)-1) -> Acer | M24: =_xlfn.TEXTAFTER(B24," ",-1) -> 27" | O24: Samsung FlexiMonitor 24" | P24: 88127 | Q24: 60800
A25: 45661 | B25: Samsung FlexiMonitor 27" | C25: 3 | D25: =VLOOKUP(B25,$O$2:$Q$26,2,0)*C25 -> 213888 | E25: =D25 *27% -> 57749.76 | F25: =D25+E25 -> 271637.76 | G25: Nincs fizetve | H25: Nagy Zoltán | I25: =D25-(VLOOKUP(B25,$O$2:$Q$27,3,FALSE)*C25) -> 68088 | J25: =I25/(VLOOKUP(B25,$O$2:$Q$26,2,FALSE)*C25) -> 0.31833483 | K25: =I25/(VLOOKUP(B25,$O$2:$Q$26,3,FALSE)*C25) -> 0.46699588 | L25: =LEFT(B25, FIND(" ", B25)-1) -> Samsung | M25: =_xlfn.TEXTAFTER(B25," ",-1) -> 27" | O25: Samsung FlexiMonitor 27" | P25: 71296 | Q25: 48600
A26: 45661 | B26: BenQ UltraView 32" | C26: 4 | D26: =VLOOKUP(B26,$O$2:$Q$26,2,0)*C26 -> 342924 | E26: =D26 *27% -> 92589.48 | F26: =D26+E26 -> 435513.48 | G26: Fizetve | H26: Németh Szabolcs | I26: =D26-(VLOOKUP(B26,$O$2:$Q$27,3,FALSE)*C26) -> 103324 | J26: =I26/(VLOOKUP(B26,$O$2:$Q$26,2,FALSE)*C26) -> 0.30130291 | K26: =I26/(VLOOKUP(B26,$O$2:$Q$26,3,FALSE)*C26) -> 0.43123539 | L26: =LEFT(B26, FIND(" ", B26)-1) -> BenQ | M26: =_xlfn.TEXTAFTER(B26," ",-1) -> 32" | O26: LG ProDisplay 32" | P26: 94247 | Q26: 66700
A27: 45662 | B27: ASUS OptiView 32" | C27: 3 | D27: =VLOOKUP(B27,$O$2:$Q$26,2,0)*C27 -> 154020 | E27: =D27 *27% -> 41585.4 | F27: =D27+E27 -> 195605.4 | G27: Fizetve | H27: Tóth Eszter | I27: =D27-(VLOOKUP(B27,$O$2:$Q$27,3,FALSE)*C27) -> 52620 | J27: =I27/(VLOOKUP(B27,$O$2:$Q$26,2,FALSE)*C27) -> 0.34164394 | K27: =I27/(VLOOKUP(B27,$O$2:$Q$26,3,FALSE)*C27) -> 0.51893491 | L27: =LEFT(B27, FIND(" ", B27)-1) -> ASUS | M27: =_xlfn.TEXTAFTER(B27," ",-1) -> 32"
A28: 45662 | B28: LG VisionX 32" | C28: 3 | D28: =VLOOKUP(B28,$O$2:$Q$26,2,0)*C28 -> 187020 | E28: =D28 *27% -> 50495.4 | F28: =D28+E28 -> 237515.4 | G28: Fizetve | H28: Szabó Éva | I28: =D28-(VLOOKUP(B28,$O$2:$Q$27,3,FALSE)*C28) -> 63420 | J28: =I28/(VLOOKUP(B28,$O$2:$Q$26,2,FALSE)*C28) -> 0.33910812 | K28: =I28/(VLOOKUP(B28,$O$2:$Q$26,3,FALSE)*C28) -> 0.5131068 | L28: =LEFT(B28, FIND(" ", B28)-1) -> LG | M28: =_xlfn.TEXTAFTER(B28," ",-1) -> 32"
A29: 45662 | B29: HP ProDisplay 27" | C29: 2 | D29: =VLOOKUP(B29,$O$2:$Q$26,2,0)*C29 -> 160998 | E29: =D29 *27% -> 43469.46 | F29: =D29+E29 -> 204467.46 | G29: Fizetve | H29: Varga Viktória | I29: =D29-(VLOOKUP(B29,$O$2:$Q$27,3,FALSE)*C29) -> 48798 | J29: =I29/(VLOOKUP(B29,$O$2:$Q$26,2,FALSE)*C29) -> 0.30309693 | K29: =I29/(VLOOKUP(B29,$O$2:$Q$26,3,FALSE)*C29) -> 0.43491979 | L29: =LEFT(B29, FIND(" ", B29)-1) -> HP | M29: =_xlfn.TEXTAFTER(B29," ",-1) -> 27"
A30: 45662 | B30: ASUS ClearScreen 27" | C30: 4 | D30: =VLOOKUP(B30,$O$2:$Q$26,2,0)*C30 -> 256056 | E30: =D30 *27% -> 69135.12 | F30: =D30+E30 -> 325191.12 | G30: Fizetve | H30: Kovács Katalin | I30: =D30-(VLOOKUP(B30,$O$2:$Q$27,3,FALSE)*C30) -> 78856 | J30: =I30/(VLOOKUP(B30,$O$2:$Q$26,2,FALSE)*C30) -> 0.30796388 | K30: =I30/(VLOOKUP(B30,$O$2:$Q$26,3,FALSE)*C30) -> 0.44501129 | L30: =LEFT(B30, FIND(" ", B30)-1) -> ASUS | M30: =_xlfn.TEXTAFTER(B30," ",-1) -> 27"
A31: 45663 | B31: Samsung VisionX 32" | C31: 4 | D31: =VLOOKUP(B31,$O$2:$Q$26,2,0)*C31 -> 210016 | E31: =D31 *27% -> 56704.32 | F31: =D31+E31 -> 266720.32 | G31: Nincs fizetve | H31: Szabó Zoltán | I31: =D31-(VLOOKUP(B31,$O$2:$Q$27,3,FALSE)*C31) -> 67616 | J31: =I31/(VLOOKUP(B31,$O$2:$Q$26,2,FALSE)*C31) -> 0.32195642 | K31: =I31/(VLOOKUP(B31,$O$2:$Q$26,3,FALSE)*C31) -> 0.47483146 | L31: =LEFT(B31, FIND(" ", B31)-1) -> Samsung | M31: =_xlfn.TEXTAFTER(B31," ",-1) -> 32"
A32: 45663 | B32: Samsung OptiView 32" | C32: 4 | D32: =VLOOKUP(B32,$O$2:$Q$26,2,0)*C32 -> 345896 | E32: =D32 *27% -> 93391.92 | F32: =D32+E32 -> 439287.92 | G32: Fizetve | H32: Molnár György | I32: =D32-(VLOOKUP(B32,$O$2:$Q$27,3,FALSE)*C32) -> 116296 | J32: =I32/(VLOOKUP(B32,$O$2:$Q$26,2,FALSE)*C32) -> 0.33621667 | K32: =I32/(VLOOKUP(B32,$O$2:$Q$26,3,FALSE)*C32) -> 0.50651568 | L32: =LEFT(B32, FIND(" ", B32)-1) -> Samsung | M32: =_xlfn.TEXTAFTER(B32," ",-1) -> 32"
A33: 45663 | B33: Samsung ClearScreen 24" | C33: 1 | D33: =VLOOKUP(B33,$O$2:$Q$26,2,0)*C33 -> 63536 | E33: =D33 *27% -> 17154.72 | F33: =D33+E33 -> 80690.72 | G33: Nincs fizetve | H33: Horváth Tamás | I33: =D33-(VLOOKUP(B33,$O$2:$Q$27,3,FALSE)*C33) -> 20636 | J33: =I33/(VLOOKUP(B33,$O$2:$Q$26,2,FALSE)*C33) -> 0.32479224 | K33: =I33/(VLOOKUP(B33,$O$2:$Q$26,3,FALSE)*C33) -> 0.48102564 | L33: =LEFT(B33, FIND(" ", B33)-1) -> Samsung | M33: =_xlfn.TEXTAFTER(B33," ",-1) -> 24"
A34: 45663 | B34: LG OptiView 24" | C34: 1 | D34: =VLOOKUP(B34,$O$2:$Q$26,2,0)*C34 -> 80751 | E34: =D34 *27% -> 21802.77 | F34: =D34+E34 -> 102553.77 | G34: Fizetve | H34: Nagy Ádám | I34: =D34-(VLOOKUP(B34,$O$2:$Q$27,3,FALSE)*C34) -> 24951 | J34: =I34/(VLOOKUP(B34,$O$2:$Q$26,2,FALSE)*C34) -> 0.30898689 | K34: =I34/(VLOOKUP(B34,$O$2:$Q$26,3,FALSE)*C34) -> 0.44715054 | L34: =LEFT(B34, FIND(" ", B34)-1) -> LG | M34: =_xlfn.TEXTAFTER(B34," ",-1) -> 24"
A35: 45663 | B35: ASUS FlexiMonitor 32" | C35: 3 | D35: =VLOOKUP(B35,$O$2:$Q$26,2,0)*C35 -> 223734 | E35: =D35 *27% -> 60408.18 | F35: =D35+E35 -> 284142.18 | G35: Fizetve | H35: Nagy Tamás | I35: =D35-(VLOOKUP(B35,$O$2:$Q$27,3,FALSE)*C35) -> 72834 | J35: =I35/(VLOOKUP(B35,$O$2:$Q$26,2,FALSE)*C35) -> 0.32553836 | K35: =I35/(VLOOKUP(B35,$O$2:$Q$26,3,FALSE)*C35) -> 0.48266402 | L35: =LEFT(B35, FIND(" ", B35)-1) -> ASUS | M35: =_xlfn.TEXTAFTER(B35," ",-1) -> 32"
A36: 45663 | B36: Dell VisionX 27" | C36: 2 | D36: =VLOOKUP(B36,$O$2:$Q$26,2,0)*C36 -> 198210 | E36: =D36 *27% -> 53516.7 | F36: =D36+E36 -> 251726.7 | G36: Nincs fizetve | H36: Németh Eszter | I36: =D36-(VLOOKUP(B36,$O$2:$Q$27,3,FALSE)*C36) -> 55810 | J36: =I36/(VLOOKUP(B36,$O$2:$Q$26,2,FALSE)*C36) -> 0.28157005 | K36: =I36/(VLOOKUP(B36,$O$2:$Q$26,3,FALSE)*C36) -> 0.39192416 | L36: =LEFT(B36, FIND(" ", B36)-1) -> Dell | M36: =_xlfn.TEXTAFTER(B36," ",-1) -> 27"
A37: 45664 | B37: Acer ClearScreen 24" | C37: 4 | D37: =VLOOKUP(B37,$O$2:$Q$26,2,0)*C37 -> 378896 | E37: =D37 *27% -> 102301.92 | F37: =D37+E37 -> 481197.92 | G37: Fizetve | H37: Farkas Tamás | I37: =D37-(VLOOKUP(B37,$O$2:$Q$27,3,FALSE)*C37) -> 108896 | J37: =I37/(VLOOKUP(B37,$O$2:$Q$26,2,FALSE)*C37) -> 0.2874034 | K37: =I37/(VLOOKUP(B37,$O$2:$Q$26,3,FALSE)*C37) -> 0.40331852 | L37: =LEFT(B37, FIND(" ", B37)-1) -> Acer | M37: =_xlfn.TEXTAFTER(B37," ",-1) -> 24"
A38: 45664 | B38: Samsung UltraView 27" | C38: 3 | D38: =VLOOKUP(B38,$O$2:$Q$26,2,0)*C38 -> 266838 | E38: =D38 *27% -> 72046.26 | F38: =D38+E38 -> 338884.26 | G38: Fizetve | H38: Horváth Péter | I38: =D38-(VLOOKUP(B38,$O$2:$Q$27,3,FALSE)*C38) -> 80538 | J38: =I38/(VLOOKUP(B38,$O$2:$Q$26,2,FALSE)*C38) -> 0.30182358 | K38: =I38/(VLOOKUP(B38,$O$2:$Q$26,3,FALSE)*C38) -> 0.43230274 | L38: =LEFT(B38, FIND(" ", B38)-1) -> Samsung | M38: =_xlfn.TEXTAFTER(B38," ",-1) -> 27"
... A188: 45687 | B188: LG VisionX 32" | C188: 1 | D188: =VLOOKUP(B188,$O$2:$Q$26,2,0)*C188 -> 62340 | E188: =D188 *27% -> 16831.8 | F188: =D188+E188 -> 79171.8 | G188: Fizetve | H188: Horváth Dániel | I188: =D188-(VLOOKUP(B188,$O$2:$Q$27,3,FALSE)*C188) -> 21140 | J188: =I188/(VLOOKUP(B188,$O$2:$Q$26,2,FALSE)*C188) -> 0.33910812 | K188: =I188/(VLOOKUP(B188,$O$2:$Q$26,3,FALSE)*C188) -> 0.5131068 | L188: =LEFT(B188, FIND(" ", B188)-1) -> LG | M188: =_xlfn.TEXTAFTER(B188," ",-1) -> 32"

Sheet Rendelések Pivot
A3: Eladások | B3: Profit | C3: % Profit | D3: Rendelt Mennyiség | E3: Nettó eladási ár
A4: Acer ClearScreen 24" | B4: 353912 | C4: 0.036766988 | D4: 13 | E4: 1231412
A5: Farkas Ferenc | B5: 54448 | C5: 0.15384615 | D5: 2 | E5: 189448
A6: Farkas Tamás | B6: 108896 | C6: 0.30769231 | D6: 4 | E6: 378896
A7: Kiss Nóra | B7: 54448 | C7: 0.15384615 | D7: 2 | E7: 189448
A8: Kovács Orsolya | B8: 54448 | C8: 0.15384615 | D8: 2 | E8: 189448
A9: Németh Péter | B9: 27224 | C9: 0.076923077 | D9: 1 | E9: 94724
A10: Tóth Ádám | B10: 27224 | C10: 0.076923077 | D10: 1 | E10: 94724
A11: Varga Róbert | B11: 27224 | C11: 0.076923077 | D11: 1 | E11: 94724
A12: Acer OptiView 27" | B12: 427230 | C12: 0.044383802 | D12: 15 | E12: 1451730
A13: Farkas Viktória | B13: 85446 | C13: 0.2 | D13: 3 | E13: 290346
A14: Farkas Zsófia | B14: 28482 | C14: 0.066666667 | D14: 1 | E14: 96782
A15: Horváth Szabolcs | B15: 28482 | C15: 0.066666667 | D15: 1 | E15: 96782
... A211: Teljes bevétel | B211: 9625809 | C211: 1 | D211: 405 | E211: 31047609

Sheet Rendelések Dashboard
A1: Monitorok Kft. KPI: | C1: Teljes bevétel | D1: Rendelt mennyiség | E1: Teljes profit | F1: Átlagos Markup | G1: Átlagos Profit | H1: Átlagos bevétel
C2: 3704594 | D2: 49 | E2: 1161894 | F2: 0.45637971 | G2: 0.31295626 | H2: 168390.64

Sheet Ügyfelek
A1: Vásárló ID | B1: Név | C1: Email | D1: Telefonszám | E1: Ország | F1: Város | G1: Regisztráció Dátuma | H1: Összes Rendelés száma | I1: Rendelt mennyiség | J1: Ügyfél típusa | K1: Összes költés
A2: ID001 | B2: Molnár Eszter | C2: eszter.molnar@gmail.com | D2: +36 30 477 7681 | E2: Magyarország | F2: Szeged | G2: 44396 | H2: =COUNTIF(Rendelések!$H$2:$H$188,Ügyfelek!B2) -> 2 | I2: =SUMIF(Rendelések!H2:H188,Ügyfelek!B2,Rendelések!C2:C188) -> 3 | J2: =IF(H2=1,"Egyszeri Vásárló",IF(H2=2,"Visszatérő Vásárló",IF(H2>=3,"VIP"))) -> Visszatérő Vásárló | K2: =SUMIF(Rendelések!H2:H188,Ügyfelek!B2,Rendelések!D2:D188) -> 193932
A3: ID002 | B3: Kiss István | C3: istvan.kiss@gmail.com | D3: +421 981 294 426 | E3: Szlovákia | F3: Bratislava | G3: 45238 | H3: =COUNTIF(Rendelések!$H$2:$H$188,Ügyfelek!B3) -> 3 | I3: =SUMIF(Rendelések!H3:H189,Ügyfelek!B3,Rendelések!C3:C189) -> 7 | J3: =IF(H3=1,"Egyszeri Vásárló",IF(H3=2,"Visszatérő Vásárló",IF(H3>=3,"VIP"))) -> VIP | K3: =SUMIF(Rendelések!H3:H189,Ügyfelek!B3,Rendelések!D3:D189) -> 593734
A4: ID003 | B4: Németh Péter | C4: peter.nemeth@gmail.com | D4: +36 70 864 7997 | E4: Magyarország | F4: Miskolc | G4: 44101 | H4: =COUNTIF(Rendelések!$H$2:$H$188,Ügyfelek!B4) -> 3 | I4: =SUMIF(Rendelések!H4:H190,Ügyfelek!B4,Rendelések!C4:C190) -> 5 | J4: =IF(H4=1,"Egyszeri Vásárló",IF(H4=2,"Visszatérő Vásárló",IF(H4>=3,"VIP"))) -> VIP | K4: =SUMIF(Rendelések!H4:H190,Ügyfelek!B4,Rendelések!D4:D190) -> 384437
A5: ID004 | B5: Kiss László | C5: laszlo.kiss@freemail.hu | D5: +40 783 356 689 | E5: Románia | F5: Bukarest | G5: 45336 | H5: =COUNTIF(Rendelések!$H$2:$H$188,Ügyfelek!B5) -> 2 | I5: =SUMIF(Rendelések!H5:H191,Ügyfelek!B5,Rendelések!C5:C191) -> 6 | J5: =IF(H5=1,"Egyszeri Vásárló",IF(H5=2,"Visszatérő Vásárló",IF(H5>=3,"VIP"))) -> Visszatérő Vásárló | K5: =SUMIF(Rendelések!H5:H191,Ügyfelek!B5,Rendelések!D5:D191) -> 515872
A6: ID005 | B6: Molnár Orsolya | C6: orsolya.molnar@gmail.com | D6: +36 70 443 3420 | E6: Magyarország | F6: Debrecen | G6: 44684 | H6: =COUNTIF(Rendelések!$H$2:$H$188,Ügyfelek!B6) -> 1 | I6: =SUMIF(Rendelések!H6:H192,Ügyfelek!B6,Rendelések!C6:C192) -> 2 | J6: =IF(H6=1,"Egyszeri Vásárló",IF(H6=2,"Visszatérő Vásárló",IF(H6>=3,"VIP"))) -> Egyszeri Vásárló | K6: =SUMIF(Rendelések!H6:H192,Ügyfelek!B6,Rendelések!D6:D192) -> 124680
A7: ID006 | B7: Szabó Ádám | C7: adam.szabo@gmail.com | D7: +36 70 243 6444 | E7: Magyarország | F7: Pécs | G7: 44541 | H7: =COUNTIF(Rendelések!$H$2:$H$188,Ügyfelek!B7) -> 2 | I7: =SUMIF(Rendelések!H7:H193,Ügyfelek!B7,Rendelések!C7:C193) -> 3 | J7: =IF(H7=1,"Egyszeri Vásárló",IF(H7=2,"Visszatérő Vásárló",IF(H7>=3,"VIP"))) -> Visszatérő Vásárló | K7: =SUMIF(Rendelések!H7:H193,Ügyfelek!B7,Rendelések!D7:D193) -> 242253
A8: ID007 | B8: Németh Tamás | C8: tamas.nemeth@gmail.com | D8: +36 30 996 7771 | E8: Magyarország | F8: Debrecen | G8: 45679 | H8: =COUNTIF(Rendelések!$H$2:$H$188,Ügyfelek!B8) -> 1 | I8: =SUMIF(Rendelések!H8:H194,Ügyfelek!B8,Rendelések!C8:C194) -> 1 | J8: =IF(H8=1,"Egyszeri Vásárló",IF(H8=2,"Visszatérő Vásárló",IF(H8>=3,"VIP"))) -> Egyszeri Vásárló | K8: =SUMIF(Rendelések!H8:H194,Ügyfelek!B8,Rendelések!D8:D194) -> 52504
A9: ID008 | B9: Nagy Bence | C9: bence.nagy@gmail.com | D9: +36 70 166 1341 | E9: Magyarország | F9: Pécs | G9: 44000 | H9: =COUNTIF(Rendelések!$H$2:$H$188,Ügyfelek!B9) -> 1 | I9: =SUMIF(Rendelések!H9:H195,Ügyfelek!B9,Rendelések!C9:C195) -> 1 | J9: =IF(H9=1,"Egyszeri Vásárló",IF(H9=2,"Visszatérő Vásárló",IF(H9>=3,"VIP"))) -> Egyszeri Vásárló | K9: =SUMIF(Rendelések!H9:H195,Ügyfelek!B9,Rendelések!D9:D195) -> 58708
A10: ID009 | B10: Nagy György | C10: gyorgy.nagy@yahoo.com | D10: +36 70 798 8265 | E10: Magyarország | F10: Pécs | G10: 44994 | H10: =COUNTIF(Rendelések!$H$2:$H$188,Ügyfelek!B10) -> 1 | I10: =SUMIF(Rendelések!H10:H196,Ügyfelek!B10,Rendelések!C10:C196) -> 1 | J10: =IF(H10=1,"Egyszeri Vásárló",IF(H10=2,"Visszatérő Vásárló",IF(H10>=3,"VIP"))) -> Egyszeri Vásárló | K10: =SUMIF(Rendelések!H10:H196,Ügyfelek!B10,Rendelések!D10:D196) -> 74578
A11: ID010 | B11: Nagy Csilla | C11: csilla.nagy@gmail.com | D11: +36 20 880 5538 | E11: Magyarország | F11: Debrecen | G11: 45534 | H11: =COUNTIF(Rendelések!$H$2:$H$188,Ügyfelek!B11) -> 3 | I11: =SUMIF(Rendelések!H11:H197,Ügyfelek!B11,Rendelések!C11:C197) -> 6 | J11: =IF(H11=1,"Egyszeri Vásárló",IF(H11=2,"Visszatérő Vásárló",IF(H11>=3,"VIP"))) -> VIP | K11: =SUMIF(Rendelések!H11:H197,Ügyfelek!B11,Rendelések!D11:D197) -> 543860
A12: ID011 | B12: Tóth Szabolcs | C12: szabolcs.toth@gmail.com | D12: +421 962 692 274 | E12: Szlovákia | F12: Košice | G12: 44311 | H12: =COUNTIF(Rendelések!$H$2:$H$188,Ügyfelek!B12) -> 1 | I12: =SUMIF(Rendelések!H12:H198,Ügyfelek!B12,Rendelések!C12:C198) -> 1 | J12: =IF(H12=1,"Egyszeri Vásárló",IF(H12=2,"Visszatérő Vásárló",IF(H12>=3,"VIP"))) -> Egyszeri Vásárló | K12: =SUMIF(Rendelések!H12:H198,Ügyfelek!B12,Rendelések!D12:D198) -> 63536
A13: ID012 | B13: Farkas Zoltán | C13: zoltan.farkas@outlook.com | D13: +36 70 770 8111 | E13: Magyarország | F13: Budapest | G13: 44851 | H13: =COUNTIF(Rendelések!$H$2:$H$188,Ügyfelek!B13) -> 1 | I13: =SUMIF(Rendelések!H13:H199,Ügyfelek!B13,Rendelések!C13:C199) -> 3 | J13: =IF(H13=1,"Egyszeri Vásárló",IF(H13=2,"Visszatérő Vásárló",IF(H13>=3,"VIP"))) -> Egyszeri Vásárló | K13: =SUMIF(Rendelések!H13:H199,Ügyfelek!B13,Rendelések!D13:D199) -> 266838
... A143: ID142 | B143: Horváth Dániel | C143: daniel.horvath@gmail.com | D143: +36 20 535 2088 | E143: Magyarország | F143: Szeged | G143: 46021 | H143: =COUNTIF(Rendelések!$H$2:$H$188,Ügyfelek!B143) -> 1 | I143: =SUMIF(Rendelések!H143:H329,Ügyfelek!B143,Rendelések!C143:C329) -> 1 | J143: =IF(H143=1,"Egyszeri Vásárló",IF(H143=2,"Visszatérő Vásárló",IF(H143>=3,"VIP"))) -> Egyszeri Vásárló | K143: =SUMIF(Rendelések!H143:H329,Ügyfelek!B143,Rendelések!D143:D329) -> 62340

Sheet Ügyfelek Pivot
A3: Rendelés | B3: Rendelés száma | C3: Rendelt mennyiség | D3: Összes költés
A4: Ausztria | B4: 6 | C4: 12 | D4: 1057386
A5: Graz | B5: 2 | C5: 5 | D5: 460633
A6: Farkas Péter | B6: 2 | C6: 5 | D6: 460633
A7: Linz | B7: 4 | C7: 7 | D7: 596753
A8: Kovács Éva | B8: 1 | C8: 1 | D8: 80751
A9: Németh Eszter | B9: 3 | C9: 6 | D9: 516002
A10: Horvátország | B10: 8 | C10: 14 | D10: 977436
A11: Rijeka | B11: 4 | C11: 4 | D11: 296405
A12: Molnár Éva | B12: 1 | C12: 1 | D12: 74578
A13: Molnár Róbert | B13: 3 | C13: 3 | D13: 221827
A14: Zadar | B14: 1 | C14: 2 | D14: 128028
A15: Kovács Dániel | B15: 1 | C15: 2 | D15: 128028
... A178: Grand Total | B178: 187 | C178: 405 | D178: 31047609

Sheet Ügyfelek Dashboard
